name,suburb,area,instagram,website
Otherside Cafe,Byron Bay,Byron Bay,@othersidebyron,https://www.othersidebyron.com
Little Byronian,Byron Bay,Byron Bay,@littlebyronian,https://littlebyronian.com.au
Bayleaf Cafe,Byron Bay,Byron Bay,@bayleafcafe,https://www.bayleafbyronbay.com
Busy Bird Coffee,Byron Bay,Byron Bay,@busy_bird_coffee,https://busybirdcoffee.com
Folk Byron Bay,Byron Bay,Byron Bay,@folkbyronbay,https://folkbyronbay.com
Happy Days,Byron Bay,Byron Bay,@happydays_byronbay,
Tones at Soko,Byron Bay,Byron Bay,@tones_________,
The Top Shop,Byron Bay,Byron Bay,@topshopbyronbayofficial,https://topshopbyronbay.com.au
Combi Byron Bay,Byron Bay,Byron Bay,@wearecombi,https://wearecombi.com.au
The Byron Bay General Store,Byron Bay,Byron Bay,@byron_general_store,https://byrongeneralstore.com
Roadhouse Byron Bay,Byron Bay,Byron Bay,@roadhousebyronbay,https://roadhousebyronbay.com
The Pass Cafe,Byron Bay,Byron Bay,@thepasscafebyronbay,https://thepasscafe.com.au
Three Blue Ducks at The Farm,Ewingsdale,Byron Bay,@threeblueducks,https://threeblueducks.com
Sparrow Coffee,Byron Bay,Byron Bay,@sparrowcoffeeco,
Bam Bam Bakehouse,Mermaid Beach,Gold Coast,@bambam_bakehouse,https://www.bambambakehouse.com
Chut & Co,Mermaid Beach,Gold Coast,@chutandco,https://chutandco.com.au
The Winey Cow,Main Beach,Gold Coast,@thewineycow,https://www.thewineycow.com.au
Hot Shott,Main Beach,Gold Coast,@hotshottcafe,https://hotshott.com.au
Banksy Bar & Kitchen,Broadbeach,Gold Coast,@banksy_at_broadbeach,
Side Piece Coffee,Varsity Lakes,Gold Coast,@sidepiece.coffee,https://sidepiececoffee.square.site
Caffeine Kings,Miami,Gold Coast,@caffeinekings,https://www.caffeinekings.com.au
Commune Cafe,Burleigh Heads,Gold Coast,@communeespresso,
Paddock Bakery,Miami,Gold Coast,@paddockbakery,https://paddockbakery.com
Elk Espresso,Broadbeach,Gold Coast,@elkespresso,https://elkespresso.net
Palm Springs Burleigh,Burleigh Heads,Gold Coast,@palmspringsburleigh,https://palmspringsburleigh.com
Dust Temple,Currumbin Waters,Gold Coast,@dust_temple,https://dusttemple.com.au
Tarte,Burleigh Heads,Gold Coast,@tartebakery,https://tarte.com.au
Barefoot Barista,Palm Beach,Gold Coast,@barefoot_barista,https://barefootbarista.com.au
Felix For Goodness,Brisbane City,Brisbane,@felixforgoodness,https://www.felixforgoodness.com
Coffee Iconic,Brisbane City,Brisbane,@coffeeiconic,
Brew Cafe & Wine Bar,Brisbane City,Brisbane,@brewcafewinebar,https://www.brewcafewinebar.com.au
John Mills Himself,Brisbane City,Brisbane,@johnmillshimself,https://johnmillshimself.com.au
Coffee Anthology,Brisbane City,Brisbane,@coffeeanthology,https://www.intersectionfd.com.au
Double Maker Coffee,Brisbane City,Brisbane,@doublemakercoffee_bne,
Strauss,Brisbane City,Brisbane,@straussfd,https://strausscafe.com.au
Mi Casa Cafe,South Brisbane,Brisbane,@micasacafesb,https://micasasouthbank.square.site
Morning After,West End,Brisbane,@____morningafter,https://morningafter.com.au
Pawpaw Cafe,Woolloongabba,Brisbane,@pawpawcafe,https://pawpawcafe.com.au
Nodo,Newstead,Brisbane,@nododonuts,https://nododonuts.com
Superthing,West End,Brisbane,@superthing_bakery,https://superthing.com.au
Chapter IV,Paddington,Brisbane,@chapterivpaddington,https://chapterivpaddington.com
Sister Cafe,Hawthorne,Brisbane,@sister__cafe,https://sister.cafe
Noon,Manly,Northern Beaches,@noonmanly,https://goodgoodcompany.com/venue/noon/
Effie's,Balgowlah,Northern Beaches,@effies__,https://effiesbalgowlah.com.au
Barrel One Coffee Roasters,Brookvale,Northern Beaches,@barrelonecoffeeroasters,https://barrelonecoffee.com.au
Skittle Lane,Manly,Northern Beaches,@skittlelanecoffee,https://skittlelane.com
Corretto,Dee Why,Northern Beaches,@corretto.deewhy,https://correttodeewhy.com
The Joey,Palm Beach,Northern Beaches,@thejoeypalmbeach,https://thejoeypalmbeach.com.au
Nourished Wholefood Cafe,Avalon Beach,Northern Beaches,@nourished.avalon,https://nourishedcafe.com.au
Berkelo,Manly,Northern Beaches,@berkelo.au,https://berkelo.com.au
Calibrate Coffee,Manly,Northern Beaches,@calibrate_coffee_manly,
Girdlers,Dee Why,Northern Beaches,@girdlers_cafe,https://girdlers.com.au
The Mind Cafe Narrabeen,Narrabeen,Northern Beaches,@themindcafecommunity,https://themindcafe.com.au
4 Knots Cafe,Narrabeen,Northern Beaches,@4.knots,https://4knotscafe.com.au
Project One Cafe,Narrabeen,Northern Beaches,@projectonecafe,
